eu_cd;2010;2013;2016
FRFR10;2;3;2
FRFR100;2;2;2
FRFR101A;2;2;2
FRFR101B;2;2;2
FRFR101C;2;2;2
FRFR102;2;2;3
FRFR103;3;2;2
FRFR104;2;2;2
FRFR105;2;3;2
FRFR106A;2;3;2
FRFR106B;3;2;3
FRFR107A;2;3;3
FRFR107B;2;3;2
FRFR108;3;3;3
FRFR109;3;3;3
FRFR110A;3;3;4
FRFR110B;3;2;3
FRFR110C;2;2;2
FRFR111;2;2;2
FRFR112A;1;3;3
FRFR112B;2;2;2
FRFR113;3;4;3
FRFR114;2;3;2
FRFR115;1;2;2
FRFR116;2;2;2
FRFR117;2;2;2
FRFR118;2;3;4
FRFR119A;3;2;3
FRFR119B;3;2;2
FRFR119C;2;3;2
FRFR12;3;3;4
FRFR120A;2;2;2
FRFR120B;2;2;2
FRFR121;1;2;2
FRFR122;3;2;2
FRFR123;3;2;2
FRFR124A;3;3;3
FRFR124B;2;3;3
FRFR125;2;2;1
FRFR126A;2;3;2
FRFR126B;3;3;3
FRFR127;2;1;2
FRFR128A;3;3;2
FRFR128B;3;3;2
FRFR129;3;3;2
FRFR13;2;3;3
FRFR130;5;5;4
FRFR131;2;3;3
FRFR132;5;3;3
FRFR133;1;2;2
FRFR134;3;3;2
FRFR135A;3;3;3
FRFR135B;2;2;2
FRFR136;3;2;3
FRFR137;2;4;3
FRFR138;2;3;3
FRFR139;4;4;3
FRFR14;4;4;4
FRFR140;3;3;3
FRFR141;3;2;3
FRFR142A;3;4;4
FRFR142B;3;3;3
FRFR143;3;2;2
FRFR144;2;2;2
FRFR145A;3;2;2
FRFR145B;2;2;3
FRFR146;2;2;3
FRFR147;3;2;2
FRFR148A;4;2;1
FRFR148B;2;2;2
FRFR149;4;5;4
FRFR15;3;3;3
FRFR150;3;2;2
FRFR151;3;4;3
FRFR152A;4;4;4
FRFR152B;2;2;2
FRFR153;3;4;4
FRFR154;5;5;5
FRFR155;3;3;4
FRFR156;3;2;2
FRFR157A;2;2;2
FRFR157B;2;2;2
FRFR158;5;3;3
FRFR159;2;2;2
FRFR16;3;3;3
FRFR160;2;2;2
FRFR161;3;2;3
FRFR162;2;2;2
FRFR163;3;3;3
FRFR164;5;4;3
FRFR165;3;3;2
FRFR166;5;4;3
FRFR167;3;1;2
FRFR168;2;2;1
FRFR169;2;2;2
FRFR17;2;3;3
FRFR170;3;3;2
FRFR171;2;1;2
FRFR172;2;2;2
FRFR173;2;2;2
FRFR174;2;2;2
FRFR176;2;2;2
FRFR177;2;2;2
FRFR178;2;5;3
FRFR179;2;2;3
FRFR18;3;5;3
FRFR180;2;2;2
FRFR181;2;2;2
FRFR182;2;2;2
FRFR183;3;2;2
FRFR184;2;2;3
FRFR185;2;2;2
FRFR186;2;2;2
FRFR187;3;3;4
FRFR188;3;3;3
FRFR189;3;3;3
FRFR190;2;2;2
FRFR191;2;2;2
FRFR192;2;2;3
FRFR193;2;2;2
FRFR194A;5;3;2
FRFR194B;3;3;3
FRFR195;3;3;3
FRFR196;3;2;3
FRFR197;3;3;3
FRFR198;3;4;4
FRFR199;3;3;3
FRFR19A;3;3;3
FRFR19B;3;3;3
FRFR19C;3;3;3
FRFR1A;5;2;2
FRFR1B;2;3;3
FRFR2;2;2;3
FRFR20;3;3;3
FRFR200;2;3;2
FRFR201;4;3;3
FRFR202;3;3;2
FRFR203;2;3;2
FRFR204;2;3;2
FRFR205;2;4;3
FRFR206;2;2;3
FRFR207;4;3;4
FRFR208;3;3;3
FRFR209;3;3;3
FRFR21;4;3;3
FRFR210A;4;2;3
FRFR210B;3;2;3
FRFR211;5;3;3
FRFR213A;5;2;3
FRFR213B;2;3;3
FRFR214;3;3;3
FRFR215A;5;3;3
FRFR215B;5;2;3
FRFR216;3;4;5
FRFR217;3;5;5
FRFR218;3;2;3
FRFR219A;5;3;3
FRFR219B;3;3;3
FRFR22;3;4;3
FRFR220;3;4;5
FRFR221;5;4;4
FRFR222;3;2;3
FRFR223;5;2;3
FRFR224;5;3;3
FRFR225;5;3;3
FRFR226A;2;2;2
FRFR226B;2;3;3
FRFR227;5;4;3
FRFR228;4;3;4
FRFR229;5;5;3
FRFR230;3;3;3
FRFR231;2;3;2
FRFR232;5;5;5
FRFR233;5;3;3
FRFR234;2;3;2
FRFR235A;3;3;4
FRFR235B;2;2;2
FRFR236;4;2;2
FRFR237A;4;2;2
FRFR237B;4;2;2
FRFR238;3;4;3
FRFR239;3;3;4
FRFR23A;3;3;4
FRFR23B;4;3;3
FRFR24;3;2;3
FRFR240;3;3;3
FRFR241;3;3;3
FRFR242;3;3;4
FRFR243;5;3;3
FRFR244;5;2;2
FRFR245;2;2;3
FRFR246;3;2;2
FRFR247A;2;3;3
FRFR247B;2;2;3
FRFR248;5;2;2
FRFR249;2;3;3
FRFR250;2;2;2
FRFR251;3;2;2
FRFR252A;3;3;3
FRFR252B;3;2;3
FRFR253;2;2;2
FRFR254;3;2;2
FRFR255;4;2;2
FRFR256A;3;2;2
FRFR256B;2;2;2
FRFR258;3;2;2
FRFR259;3;2;2
FRFR26;4;3;3
FRFR260;2;2;2
FRFR261;2;2;2
FRFR262;4;2;2
FRFR263;4;2;2
FRFR264;2;2;2
FRFR265;2;2;3
FRFR266;4;2;3
FRFR267;4;3;3
FRFR268;2;2;2
FRFR269;2;2;2
FRFR27;2;2;2
FRFR270;2;2;2
FRFR271A;3;4;4
FRFR271B;4;2;2
FRFR271C;3;3;3
FRFR272;4;4;3
FRFR273;2;2;2
FRFR275;5;3;4
FRFR276;2;2;2
FRFR277A;4;3;3
FRFR277B;4;2;2
FRFR277C;2;3;3
FRFR278;3;3;3
FRFR279;2;3;2
FRFR280;4;3;2
FRFR281;4;4;4
FRFR282;1;1;2
FRFR283;2;2;2
FRFR284;3;3;3
FRFR285;2;3;2
FRFR286;4;3;3
FRFR287;3;3;3
FRFR288A;2;3;3
FRFR288B;3;3;2
FRFR288C;2;2;3
FRFR289A;3;2;3
FRFR289B;3;4;3
FRFR29;3;3;3
FRFR290A;3;3;3
FRFR290B;2;2;2
FRFR291;2;2;2
FRFR292;2;3;3
FRFR293A;4;4;3
FRFR293B;1;1;2
FRFR294;2;3;3
FRFR295A;3;3;2
FRFR295B;3;3;3
FRFR296A;3;3;3
FRFR296B;5;2;4
FRFR297;3;3;3
FRFR298;2;2;2
FRFR3;5;3;3
FRFR30;4;3;2
FRFR300A;4;3;3
FRFR300B;3;3;3
FRFR300C;4;3;3
FRFR301A;3;3;3
FRFR301B;4;3;3
FRFR302A;2;2;2
FRFR302B;2;2;1
FRFR303A;3;3;3
FRFR303B;3;3;3
FRFR304;5;2;4
FRFR305;2;2;2
FRFR306A;2;3;4
FRFR306B;2;2;2
FRFR306C;2;3;2
FRFR307A;3;2;2
FRFR307B;2;2;3
FRFR308;2;2;2
FRFR31;4;3;2
FRFR310;2;2;2
FRFR311A;3;2;3
FRFR311B;2;2;2
FRFR312;4;3;3
FRFR313;3;3;3
FRFR314A;3;3;2
FRFR314B;3;3;3
FRFR315A;4;4;3
FRFR315B;3;4;4
FRFR316;2;3;2
FRFR317;3;3;3
FRFR318A;3;3;3
FRFR318B;5;2;2
FRFR318C;3;3;2
FRFR319;3;2;2
FRFR32;4;3;2
FRFR320;4;2;3
FRFR321;3;3;3
FRFR322;2;2;3
FRFR323;3;3;3
FRFR324A;3;2;2
FRFR324B;2;2;2
FRFR325A;3;3;2
FRFR325B;4;3;2
FRFR326A;5;4;4
FRFR326B;5;3;2
FRFR327A;5;3;3
FRFR327B;4;3;3
FRFR327C;4;4;3
FRFR328;5;4;3
FRFR33;3;3;2
FRFR330A;5;4;5
FRFR330B;4;4;4
FRFR331A;3;3;3
FRFR331B;2;2;3
FRFR332;4;3;3
FRFR333;3;4;4
FRFR334;3;3;3
FRFR338;3;3;3
FRFR339;4;3;3
FRFR341;3;3;3
FRFR342;3;4;4
FRFR343;2;3;3
FRFR344;2;2;2
FRFR345;2;2;2
FRFR346;1;2;2
FRFR347A;3;3;3
FRFR347B;3;2;3
FRFR348;4;4;3
FRFR349A;4;4;3
FRFR349B;2;2;2
FRFR349C;3;2;3
FRFR34A;4;3;2
FRFR34B;4;3;4
FRFR35;4;3;3
FRFR351;2;2;2
FRFR353;4;4;5
FRFR355;2;2;1
FRFR356;2;2;2
FRFR357;4;3;3
FRFR358;2;2;3
FRFR359;2;2;2
FRFR36;4;3;3
FRFR360;3;3;3
FRFR361A;3;3;3
FRFR361B;3;3;3
FRFR362;2;2;2
FRFR363;2;2;2
FRFR364;3;3;2
FRFR365;2;2;2
FRFR366;3;2;3
FRFR367;2;3;2
FRFR368;3;2;3
FRFR369;4;3;3
FRFR370;2;3;3
FRFR371;4;2;3
FRFR372;2;3;3
FRFR373;3;3;3
FRFR374;3;2;2
FRFR375;3;5;4
FRFR376;3;3;3
FRFR377;3;3;3
FRFR378;3;3;2
FRFR379A;2;2;2
FRFR379B;3;3;3
FRFR380;3;3;2
FRFR381;3;3;2
FRFR382;4;3;3
FRFR383;3;3;3
FRFR384;4;3;2
FRFR385;2;2;2
FRFR386;2;2;2
FRFR387;3;2;3
FRFR388;4;3;3
FRFR389;3;2;2
FRFR39;3;3;2
FRFR390;3;3;2
FRFR4;3;2;3
FRFR40;4;4;3
FRFR403;2;2;2
FRFR404;2;2;3
FRFR405;3;3;3
FRFR407;3;2;2
FRFR409;3;2;2
FRFR41;3;3;3
FRFR410;2;3;2
FRFR411A;3;2;2
FRFR411B;3;3;2
FRFR412;3;3;2
FRFR413;3;3;3
FRFR415;3;2;2
FRFR417;3;3;3
FRFR419;3;3;3
FRFR420;3;3;2
FRFR421;4;2;2
FRFR423;4;3;2
FRFR424;3;3;2
FRFR425;3;2;3
FRFR426;3;3;3
FRFR428;3;2;3
FRFR42A;3;3;3
FRFR42B;2;2;2
FRFR43;3;2;2
FRFR430;5;2;2
FRFR431;3;2;3
FRFR432;4;2;2
FRFR433;2;2;2
FRFR434;2;2;2
FRFR435;2;2;2
FRFR437;2;2;2
FRFR438;4;3;2
FRFR439A;2;2;2
FRFR44;2;2;3
FRFR440;3;2;2
FRFR441;2;2;2
FRFR442;2;2;2
FRFR445A;4;3;3
FRFR445B;2;3;3
FRFR446;4;2;2
FRFR448;2;2;2
FRFR449;2;2;2
FRFR45;3;3;2
FRFR450;3;2;2
FRFR451;2;2;2
FRFR452;2;2;2
FRFR453;3;3;3
FRFR455;3;3;2
FRFR457;2;2;2
FRFR458;3;3;5
FRFR459;3;3;4
FRFR461;2;2;2
FRFR462;2;3;3
FRFR464;4;4;4
FRFR465;4;2;3
FRFR466;2;3;4
FRFR468;3;3;3
FRFR469;2;2;3
FRFR46A;3;3;3
FRFR46B;2;3;4
FRFR46C;2;2;3
FRFR47;2;2;2
FRFR470;3;3;2
FRFR471;3;3;4
FRFR473;3;3;2
FRFR474;3;3;3
FRFR475;3;3;3
FRFR476;3;3;4
FRFR477A;4;3;3
FRFR477B;3;5;3
FRFR478;1;1;2
FRFR479;1;2;2
FRFR48;3;3;3
FRFR480;1;1;2
FRFR481;3;3;3
FRFR482A;3;3;3
FRFR482B;2;3;3
FRFR483;2;2;2
FRFR484;2;3;2
FRFR485;2;2;3
FRFR486;3;3;2
FRFR487;3;3;2
FRFR488;3;3;4
FRFR49;3;3;3
FRFR490;2;2;2
FRFR491;2;2;2
FRFR492;2;3;3
FRFR493;3;2;2
FRFR494;3;3;3
FRFR495;2;2;2
FRFR496A;3;3;3
FRFR496B;2;2;3
FRFR497;1;1;2
FRFR498A;3;2;2
FRFR499;2;2;3
FRFR5;3;3;4
FRFR50;2;2;3
FRFR500;2;3;2
FRFR501;2;2;2
FRFR502;2;2;2
FRFR503;2;3;3
FRFR504;2;2;2
FRFR505;3;2;3
FRFR506;1;2;3
FRFR507;3;2;2
FRFR508;2;2;2
FRFR509;2;2;2
FRFR51;5;3;4
FRFR510;1;1;2
FRFR511;2;2;2
FRFR512;2;3;2
FRFR513;2;2;2
FRFR514;2;2;2
FRFR515;2;3;2
FRFR516;2;3;3
FRFR517;1;1;2
FRFR518;2;3;3
FRFR519;2;2;2
FRFR52;4;4;5
FRFR520;3;2;2
FRFR521;3;3;3
FRFR522;4;2;3
FRFR523A;4;5;5
FRFR523B;3;2;3
FRFR524;3;3;3
FRFR525;3;2;3
FRFR526;2;3;3
FRFR527;3;3;3
FRFR528;3;2;2
FRFR529;2;2;2
FRFR53;4;3;3
FRFR530;2;2;2
FRFR531;5;4;4
FRFR532;2;2;2
FRFR533;2;3;2
FRFR534;3;3;3
FRFR536;2;3;3
FRFR537;2;3;2
FRFR538;3;3;3
FRFR539;3;3;2
FRFR54;4;3;3
FRFR540;2;3;3
FRFR541;3;2;2
FRFR542;3;2;2
FRFR543;3;2;3
FRFR544;2;3;2
FRFR545;4;3;3
FRFR546;2;2;3
FRFR547;3;3;3
FRFR548;3;3;3
FRFR549;3;3;4
FRFR550;2;3;4
FRFR553;4;2;3
FRFR555;4;3;3
FRFR556;3;3;4
FRFR557A;4;4;4
FRFR557B;3;5;4
FRFR557C;3;2;3
FRFR557D;5;3;4
FRFR558;3;3;2
FRFR55A;5;3;3
FRFR55B;3;3;3
FRFR563;3;2;3
FRFR57;3;3;3
FRFR571A;2;2;1
FRFR572;2;2;2
FRFR573;2;2;2
FRFR574;3;2;2
FRFR576;2;2;2
FRFR577;2;2;1
FRFR578A;2;2;2
FRFR578B;2;1;2
FRFR58;4;3;3
FRFR580;3;3;2
FRFR581;2;2;2
FRFR582;2;2;3
FRFR583;2;2;3
FRFR584;3;2;2
FRFR585;2;2;2
FRFR586;2;2;3
FRFR587;2;2;3
FRFR588;3;2;2
FRFR589;3;3;3
FRFR59;2;2;3
FRFR591;2;2;2
FRFR593;3;3;3
FRFR594;3;3;3
FRFR595;3;3;3
FRFR596;3;3;3
FRFR597;4;3;3
FRFR598;4;3;3
FRFR599;5;3;3
FRFR6;3;2;2
FRFR60;4;3;4
FRFR600;3;3;3
FRFR601;3;4;3
FRFR602;3;3;3
FRFR603;3;3;3
FRFR604;4;3;3
FRFR606;3;3;3
FRFR608A;3;3;3
FRFR608B;3;3;2
FRFR609;3;3;3
FRFR610;5;3;2
FRFR611;4;4;4
FRFR612;3;3;3
FRFR613;3;3;3
FRFR614;3;3;3
FRFR616;3;3;3
FRFR617;3;3;3
FRFR618;3;3;3
FRFR619;3;3;3
FRFR61A;4;3;3
FRFR61B;3;4;3
FRFR61C;4;3;2
FRFR62;2;2;2
FRFR620;2;2;2
FRFR621;3;2;2
FRFR623;3;5;3
FRFR624;3;2;2
FRFR625;3;3;3
FRFR626;4;2;3
FRFR627A;3;3;3
FRFR627B;3;3;2
FRFR628;3;3;3
FRFR629B;2;3;3
FRFR63;1;2;3
FRFR630;3;3;3
FRFR631;3;3;3
FRFR632;5;3;3
FRFR633;2;3;3
FRFR634;4;3;3
FRFR635;3;3;3
FRFR636;3;4;4
FRFR637;3;2;3
FRFR638;2;3;3
FRFR639;2;5;4
FRFR64;2;2;3
FRFR640;3;4;3
FRFR643;2;3;3
FRFR644;2;3;4
FRFR645;4;3;3
FRFR646;2;2;2
FRFR647;5;3;5
FRFR648;4;3;5
FRFR649;4;3;3
FRFR65;2;2;2
FRFR650;3;3;3
FRFR651;3;2;2
FRFR655;5;3;3
FRFR656;3;2;2
FRFR657;2;2;2
FRFR658A;2;3;2
FRFR659;2;3;2
FRFR66;2;2;2
FRFR660;4;3;3
FRFR661;3;2;3
FRFR662;2;2;2
FRFR663;3;3;3
FRFR664;2;2;2
FRFR665;2;2;2
FRFR666;2;2;2
FRFR667;3;2;2
FRFR668;4;3;2
FRFR67;2;2;2
FRFR670;3;3;3
FRFR671;3;3;3
FRFR672;2;2;3
FRFR673;2;2;2
FRFR674;2;3;3
FRFR675;3;3;3
FRFR676;3;3;3
FRFR677;3;3;4
FRFR678;3;3;3
FRFR68;3;3;3
FRFR680;2;3;3
FRFR681;4;3;3
FRFR682;2;3;3
FRFR683;3;3;3
FRFR684;4;3;5
FRFR685;2;2;2
FRFR686;2;3;3
FRFR687;5;4;3
FRFR7;3;4;4
FRFR70;3;4;4
FRFR71A;3;3;3
FRFR71B;2;2;2
FRFR72;3;2;2
FRFR73;3;2;2
FRFR74;2;3;3
FRFR75;5;3;3
FRFR76;3;3;2
FRFR77;3;3;3
FRFR777;3;2;2
FRFR78;2;2;2
FRFR79;2;3;2
FRFR80;4;3;3
FRFR81;3;2;2
FRFR82;2;2;3
FRFR829;2;1;3
FRFR830;3;3;3
FRFR83A;3;2;3
FRFR83B;3;2;2
FRFR84;3;3;3
FRFR85;2;2;3
FRFR86;3;3;3
FRFR87;2;2;2
FRFR88;2;2;2
FRFR89;3;2;2
FRFR8A;2;3;3
FRFR8B;2;4;4
FRFR9;3;3;2
FRFR90;2;2;2
FRFR903A;2;2;2
FRFR903B;3;3;2
FRFR904;2;2;3
FRFR905A;3;3;3
FRFR905B;3;2;2
FRFR905C;2;3;1
FRFR907;3;2;2
FRFR91;2;2;2
FRFR910;U;2;2
FRFR911;U;U;2
FRFR912;U;2;2
FRFR913;U;U;3
FRFR914;U;2;2
FRFR915;U;U;2
FRFR916;U;U;2
FRFR917;U;U;2
FRFR918;U;U;2
FRFR919;U;2;2
FRFR920;U;U;3
FRFR921;U;U;2
FRFR922;U;2;2
FRFR923;U;U;3
FRFR924;U;U;5
FRFR925;U;3;3
FRFR926;U;2;3
FRFR927;U;U;3
FRFR928;U;U;2
FRFR929;U;U;2
FRFR92A;3;2;2
FRFR92B;3;2;2
FRFR93;3;2;2
FRFR930;U;3;3
FRFR931;U;3;3
FRFR94;2;3;2
FRFR95;2;2;2
FRFR96;2;2;2
FRFR97A;2;2;3
FRFR97B;2;2;2
FRFR98A;1;2;2
FRFR98B;2;2;2
FRFR99;2;2;2
FRFRC11_1;4;3;3
FRFRC2_1;5;3;3
FRFRC6_2;2;2;2
FRFRC6_3;2;3;3
FRFRC6_4;3;2;2
FRFRC6_5;3;3;3
FRFRC7_1;2;3;3
FRFRL10_1;3;3;3
FRFRL101_1;3;2;2
FRFRL103_1;3;3;2
FRFRL104_1;1;1;2
FRFRL105_2;3;2;3
FRFRL105_3;2;2;2
FRFRL11_1;4;3;3
FRFRL1_2;2;2;2
FRFRL12_1;2;3;3
FRFRL18_1;2;2;2
FRFRL18_2;1;1;3
FRFRL18_3;2;3;3
FRFRL18_4;1;1;2
FRFRL18_5;2;2;2
FRFRL25_1;3;3;3
FRFRL26_1;1;1;2
FRFRL26_2;1;1;2
FRFRL28_1;3;3;4
FRFRL30_1;2;3;3
FRFRL30_3;2;3;3
FRFRL30_4;2;2;2
FRFRL30_5;2;2;2
FRFRL30_6;2;2;2
FRFRL30_7;2;2;2
FRFRL31_1;2;3;3
FRFRL34_1;2;2;2
FRFRL34_2;3;3;3
FRFRL34_3;3;3;3
FRFRL34_4;1;1;3
FRFRL37_1;3;3;3
FRFRL38_1;2;2;2
FRFRL40_0;2;2;2
FRFRL41_1;3;3;3
FRFRL42_1;5;3;4
FRFRL44_1;2;2;2
FRFRL45_1;3;3;3
FRFRL46_1;1;1;2
FRFRL46_2;1;1;2
FRFRL46_3;4;3;3
FRFRL46_4;2;3;3
FRFRL46_5;2;2;2
FRFRL46_6;1;1;2
FRFRL50_2;1;1;2
FRFRL56_1;2;3;3
FRFRL56_2;2;3;3
FRFRL56_3;2;3;3
FRFRL56_4;2;3;3
FRFRL60_2;2;3;3
FRFRL60_3;2;2;2
FRFRL61_1;3;3;3
FRFRL62_1;2;2;2
FRFRL65_1;3;3;3
FRFRL7_1;1;1;3
FRFRL73_1;1;1;2
FRFRL74_1;3;3;3
FRFRL74_2;4;3;3
FRFRL75_1;2;2;2
FRFRL75_2;1;1;2
FRFRL77_2;1;1;2
FRFRL77_4;1;1;2
FRFRL79_1;2;3;3
FRFRL82_1;2;3;3
FRFRL84_1;2;2;2
FRFRL87_1;2;2;3
FRFRL87_2;1;1;3
FRFRL87_3;1;1;2
FRFRL87_4;1;1;2
FRFRL87_5;1;1;2
FRFRL87_6;1;1;2
FRFRL88_1;1;1;2
FRFRL89_1;2;2;2
FRFRL89_2;2;3;3
FRFRL89_3;2;3;3
FRFRL90_1;5;3;3
FRFRL90_2;2;3;3
FRFRL90_3;2;2;2
FRFRL9_1;1;1;3
FRFRL9_2;1;1;2
FRFRL92_1;3;3;3
FRFRL92_2;3;4;5
FRFRL93_2;1;1;2
FRFRL94_1;3;3;4
FRFRL98_2;3;3;3
FRFRL99_1;3;2;3
FRFRR100_1;2;2;2
FRFRR100_2;2;2;2
FRFRR10_1;3;3;2
FRFRR101A_1;2;2;2
FRFRR101C_2;2;2;2
FRFRR101C_3;2;2;2
FRFRR101C_4;2;3;3
FRFRR101C_5;4;3;3
FRFRR10_2;4;3;3
FRFRR103_1;1;1;2
FRFRR103_2;3;2;2
FRFRR104_1;1;1;2
FRFRR104_2;1;1;2
FRFRR10_5;3;3;3
FRFRR105_1;2;2;2
FRFRR10_6;3;3;3
FRFRR106A_1;2;2;2
FRFRR106A_2;2;3;3
FRFRR106A_3;1;1;2
FRFRR106A_4;1;1;2
FRFRR106A_5;1;1;3
FRFRR106A_6;4;3;3
FRFRR106A_7;1;1;2
FRFRR107A_2;1;1;2
FRFRR107B_1;1;1;2
FRFRR107B_2;2;2;2
FRFRR108_1;2;2;2
FRFRR108_2;3;3;3
FRFRR108_3;3;3;3
FRFRR108_4;3;3;3
FRFRR108_5;2;2;2
FRFRR108_6;3;3;3
FRFRR108_7;3;3;3
FRFRR108_8;3;3;3
FRFRR108_9;4;3;3
FRFRR109_1;1;1;2
FRFRR109_3;2;2;2
FRFRR110A_1;1;1;2
FRFRR110C_1;1;1;2
FRFRR110C_3;1;1;2
FRFRR111_1;1;1;2
FRFRR111_2;1;1;2
FRFRR111_3;1;1;2
FRFRR112A_2;2;2;2
FRFRR112A_3;2;2;3
FRFRR112A_4;2;2;2
FRFRR112A_5;2;2;2
FRFRR112B_1;1;1;2
FRFRR112B_2;1;1;2
FRFRR113_2;1;1;3
FRFRR113_3;1;1;2
FRFRR113_4;1;1;2
FRFRR113_5;1;1;3
FRFRR114_2;1;1;2
FRFRR115_1;1;1;2
FRFRR116_1;1;1;2
FRFRR117_1;1;1;2
FRFRR117_2;2;2;2
FRFRR118_1;2;2;2
FRFRR120A_2;2;2;2
FRFRR120A_3;1;1;2
FRFRR120A_4;2;2;2
FRFRR120B_1;1;1;2
FRFRR120B_2;2;2;2
FRFRR120B_3;1;1;2
FRFRR120B_4;1;1;2
FRFRR12_1;3;3;4
FRFRR121_2;1;1;2
FRFRR121_3;1;1;2
FRFRR12_2;4;3;3
FRFRR122_1;1;1;2
FRFRR122_2;2;2;2
FRFRR12_3;4;3;3
FRFRR123_2;1;1;2
FRFRR123_3;1;1;2
FRFRR123_4;1;1;2
FRFRR123_5;1;1;2
FRFRR123_6;1;1;2
FRFRR123_7;1;1;2
FRFRR123_8;1;1;2
FRFRR12_4;3;3;3
FRFRR124A_1;2;2;2
FRFRR124A_2;2;2;2
FRFRR124A_3;1;1;2
FRFRR124A_4;2;2;2
FRFRR124B_1;1;1;2
FRFRR12_5;3;3;3
FRFRR125_1;1;1;2
FRFRR12_6;3;3;2
FRFRR126A_1;2;2;2
FRFRR126A_2;2;2;2
FRFRR126A_4;2;3;3
FRFRR126A_5;2;2;2
FRFRR126A_6;2;3;3
FRFRR126B_1;1;1;2
FRFRR126B_10;1;1;3
FRFRR126B_2;1;1;2
FRFRR126B_3;1;1;2
FRFRR126B_4;1;1;2
FRFRR126B_6;1;1;2
FRFRR126B_7;1;1;2
FRFRR126B_8;2;2;2
FRFRR126B_9;1;1;2
FRFRR127_1;1;1;2
FRFRR127_2;2;2;2
FRFRR128A_2;2;2;2
FRFRR128A_3;1;1;2
FRFRR128A_4;4;2;2
FRFRR128B_1;4;3;3
FRFRR128B_2;4;2;2
FRFRR129_1;1;1;2
FRFRR129_2;1;1;2
FRFRR129_3;1;1;2
FRFRR129_4;1;1;3
FRFRR129_5;1;1;2
FRFRR130_1;2;2;2
FRFRR13_1;4;3;3
FRFRR131_1;2;3;2
FRFRR132_2;3;3;3
FRFRR132_3;3;3;2
FRFRR133_1;1;1;2
FRFRR133_2;1;1;2
FRFRR133_3;1;1;2
FRFRR133_4;1;1;2
FRFRR134_2;1;1;2
FRFRR134_3;1;1;2
FRFRR134_4;1;1;2
FRFRR134_5;1;1;2
FRFRR134_6;1;1;2
FRFRR134_7;1;1;2
FRFRR134_8;1;1;2
FRFRR135A_1;2;3;3
FRFRR135B_1;5;3;3
FRFRR136_2;2;2;2
FRFRR136_3;1;1;2
FRFRR136_4;3;2;2
FRFRR137_2;3;3;3
FRFRR137_3;3;3;3
FRFRR137_4;3;3;2
FRFRR137_6;2;2;2
FRFRR137_7;3;3;3
FRFRR138_1;1;1;2
FRFRR139_1;1;1;2
FRFRR139_10;3;3;3
FRFRR139_11;2;2;2
FRFRR139_2;2;3;3
FRFRR139_3;1;1;2
FRFRR139_4;1;1;3
FRFRR139_5;1;1;2
FRFRR139_7;2;3;3
FRFRR139_8;1;1;2
FRFRR139_9;1;1;2
FRFRR140_1;2;2;2
FRFRR14_1;3;3;3
FRFRR14_2;3;3;2
FRFRR142A_1;3;3;3
FRFRR142A_3;3;3;3
FRFRR142B_1;2;3;3
FRFRR142B_11;3;3;3
FRFRR142B_12;3;3;3
FRFRR142B_2;2;2;2
FRFRR142B_3;2;2;2
FRFRR142B_4;2;2;2
FRFRR142B_5;3;3;3
FRFRR142B_7;3;3;3
FRFRR142B_8;3;3;3
FRFRR143_1;2;2;2
FRFRR144_1;2;2;2
FRFRR145A_1;3;2;2
FRFRR146_1;2;2;2
FRFRR147_1;2;2;2
FRFRR147_2;2;2;2
FRFRR147_3;2;2;2
FRFRR147_4;2;3;3
FRFRR147_5;2;2;2
FRFRR147_6;3;2;2
FRFRR148A_1;2;2;2
FRFRR148B_1;2;2;2
FRFRR148B_2;1;1;2
FRFRR149_1;2;3;2
FRFRR149_3;2;2;2
FRFRR149_4;2;2;2
FRFRR150_2;3;2;2
FRFRR15_1;3;3;3
FRFRR151_10;3;3;3
FRFRR151_11;2;3;3
FRFRR151_12;2;2;2
FRFRR151_2;3;3;3
FRFRR151_3;4;3;3
FRFRR151_4;3;3;3
FRFRR151_5;3;3;3
FRFRR151_7;5;3;3
FRFRR151_8;2;2;2
FRFRR151_9;2;3;3
FRFRR15_2;3;3;3
FRFRR152A_1;3;3;3
FRFRR152A_10;3;3;3
FRFRR152A_11;3;3;3
FRFRR152A_2;3;3;3
FRFRR152A_3;2;3;3
FRFRR152A_4;3;3;3
FRFRR152A_5;4;3;3
FRFRR152A_6;3;3;3
FRFRR152A_7;3;3;3
FRFRR152A_8;3;3;3
FRFRR152A_9;3;3;3
FRFRR152B_2;2;2;2
FRFRR152B_4;2;3;3
FRFRR15_3;3;3;3
FRFRR153_1;5;3;3
FRFRR153_2;3;3;3
FRFRR153_3;3;3;3
FRFRR153_4;3;3;3
FRFRR153_5;3;3;4
FRFRR153_6;4;3;3
FRFRR153_7;3;3;3
FRFRR153_8;3;3;3
FRFRR153_9;5;3;3
FRFRR15_4;4;4;5
FRFRR154_1;3;3;3
FRFRR154_3;2;3;3
FRFRR155_1;3;3;3
FRFRR155_10;4;3;3
FRFRR155_2;3;2;2
FRFRR155_3;3;3;3
FRFRR155_4;3;3;3
FRFRR155_5;3;2;2
FRFRR155_6;3;3;3
FRFRR155_7;3;3;3
FRFRR155_8;2;3;3
FRFRR155_9;5;3;3
FRFRR156_1;2;3;3
FRFRR156_2;3;3;3
FRFRR156_3;3;3;3
FRFRR156_4;3;3;3
FRFRR156_5;3;3;3
FRFRR157A_1;2;2;2
FRFRR157B_4;1;1;2
FRFRR157B_6;1;1;2
FRFRR158_1;2;3;3
FRFRR160_1;1;1;2
FRFRR160_2;2;2;2
FRFRR160_3;2;2;2
FRFRR16_1;3;3;3
FRFRR161_1;2;2;2
FRFRR161_10;2;2;2
FRFRR161_2;1;1;2
FRFRR161_3;2;2;2
FRFRR161_4;2;2;2
FRFRR161_5;2;2;2
FRFRR161_6;3;2;2
FRFRR161_7;2;2;2
FRFRR161_8;3;2;3
FRFRR161_9;3;3;3
FRFRR16_2;3;3;2
FRFRR162_1;3;3;3
FRFRR162_3;3;2;2
FRFRR162_5;3;3;2
FRFRR162_6;2;3;3
FRFRR162_7;3;2;3
FRFRR16_3;3;3;2
FRFRR163_2;3;3;3
FRFRR163_3;3;3;3
FRFRR16_4;3;3;3
FRFRR164_10;3;3;3
FRFRR164_11;4;3;4
FRFRR164_12;4;3;3
FRFRR164_13;2;3;3
FRFRR164_2;4;3;3
FRFRR164_3;4;3;3
FRFRR164_5;3;3;3
FRFRR164_6;3;3;3
FRFRR164_8;3;3;3
FRFRR16_5;3;3;3
FRFRR165_1;3;3;3
FRFRR165_2;3;3;3
FRFRR165_3;3;3;3
FRFRR165_4;3;3;3
FRFRR16_6;3;3;3
FRFRR166_10;1;1;2
FRFRR166_11;2;2;2
FRFRR166_12;1;1;2
FRFRR166_2;2;2;2
FRFRR166_3;2;2;2
FRFRR166_4;2;2;2
FRFRR166_5;2;2;2
FRFRR166_6;1;1;2
FRFRR166_7;2;2;2
FRFRR166_8;2;2;2
FRFRR16_7;5;3;3
FRFRR167_1;2;2;2
FRFRR167_3;2;2;2
FRFRR168_1;1;1;2
FRFRR169_2;1;1;2
FRFRR169_3;3;2;2
FRFRR170_2;2;2;2
FRFRR170_3;2;2;2
FRFRR170_4;2;2;2
FRFRR170_5;3;3;3
FRFRR170_6;3;3;3
FRFRR170_7;3;3;3
FRFRR17_1;4;5;5
FRFRR171_1;1;1;2
FRFRR171_2;1;1;2
FRFRR171_3;1;1;2
FRFRR171_4;1;1;2
FRFRR17_2;4;3;3
FRFRR172_2;1;1;2
FRFRR172_3;2;2;2
FRFRR17_3;3;3;2
FRFRR173_1;1;1;2
FRFRR173_2;1;1;2
FRFRR174_1;2;2;2
FRFRR174_2;2;2;2
FRFRR174_3;2;2;2
FRFRR174_4;2;2;2
FRFRR174_5;2;3;2
FRFRR174_6;2;2;2
FRFRR176_3;2;2;2
FRFRR177_2;1;1;2
FRFRR177_3;2;3;3
FRFRR178_3;1;1;2
FRFRR178_4;2;2;2
FRFRR178_6;2;2;2
FRFRR178_7;2;2;2
FRFRR179_1;1;1;2
FRFRR179_2;2;2;2
FRFRR180_1;1;1;2
FRFRR180_2;1;1;2
FRFRR180_3;1;1;2
FRFRR18_1;3;4;5
FRFRR181_2;2;2;2
FRFRR181_4;2;2;2
FRFRR181_5;2;2;2
FRFRR181_6;2;2;2
FRFRR18_2;3;3;3
FRFRR182_2;1;1;2
FRFRR182_3;1;1;2
FRFRR18_3;3;3;3
FRFRR183_1;1;1;2
FRFRR183_2;3;2;2
FRFRR18_4;3;3;3
FRFRR184_2;2;2;2
FRFRR184_3;2;2;2
FRFRR184_5;2;2;2
FRFRR18_5;3;3;3
FRFRR185_1;2;2;2
FRFRR185_2;2;2;2
FRFRR18_6;5;4;3
FRFRR186_2;2;2;2
FRFRR186_3;3;3;2
FRFRR186_4;3;2;2
FRFRR186_5;2;2;3
FRFRR186_6;3;2;2
FRFRR186_7;3;3;3
FRFRR18_7;5;3;3
FRFRR187_1;2;2;2
FRFRR187_2;1;1;2
FRFRR187_5;2;3;3
FRFRR187_6;2;3;3
FRFRR187_8;2;3;3
FRFRR18_8;4;3;3
FRFRR188_1;3;3;3
FRFRR188_2;3;3;3
FRFRR188_4;3;3;3
FRFRR188_5;3;3;3
FRFRR188_6;3;3;3
FRFRR188_7;3;3;3
FRFRR188_8;3;3;3
FRFRR189_3;3;3;3
FRFRR189_4;3;3;3
FRFRR189_5;3;3;3
FRFRR190_2;3;3;3
FRFRR190_3;3;3;3
FRFRR190_4;3;3;3
FRFRR191_1;3;3;3
FRFRR191_2;3;2;2
FRFRR192_3;4;3;3
FRFRR192_4;3;3;2
FRFRR193_1;3;3;3
FRFRR193_2;2;3;3
FRFRR194A_1;3;3;3
FRFRR194A_3;3;3;3
FRFRR194A_4;3;3;3
FRFRR194A_5;3;3;3
FRFRR194A_6;3;3;3
FRFRR194B_1;2;2;2
FRFRR194B_2;2;2;2
FRFRR194B_3;2;2;2
FRFRR194B_4;2;3;3
FRFRR195_2;2;2;2
FRFRR196_1;5;3;3
FRFRR196_2;2;2;2
FRFRR196_3;3;2;2
FRFRR196_5;1;1;2
FRFRR198_3;3;3;3
FRFRR198_4;2;3;3
FRFRR198_5;2;3;2
FRFRR199_1;2;2;2
FRFRR199_2;2;3;3
FRFRR199_3;2;2;2
FRFRR1B_4;1;1;2
FRFRR1B_5;2;2;2
FRFRR200_1;4;3;3
FRFRR200_2;3;3;2
FRFRR200_4;3;3;3
FRFRR200_5;2;2;2
FRFRR201_1;5;3;3
FRFRR201_10;2;3;3
FRFRR201_11;3;3;3
FRFRR201_2;5;3;3
FRFRR201_3;4;3;3
FRFRR201_4;4;4;3
FRFRR201_5;4;3;3
FRFRR201_6;3;3;3
FRFRR201_7;3;4;4
FRFRR201_8;4;3;4
FRFRR20_2;4;3;3
FRFRR202_1;4;3;3
FRFRR202_2;3;2;3
FRFRR202_3;3;2;2
FRFRR20_3;3;3;3
FRFRR203_3;2;3;3
FRFRR203_4;2;3;3
FRFRR203_5;2;3;3
FRFRR20_4;3;3;3
FRFRR204_1;5;3;3
FRFRR204_3;4;3;3
FRFRR204_4;4;3;4
FRFRR204_6;5;4;3
FRFRR205_2;2;3;3
FRFRR205_4;4;3;3
FRFRR205_5;4;2;2
FRFRR205_7;2;3;3
FRFRR205_8;4;3;2
FRFRR206_2;4;3;2
FRFRR207_1;3;3;3
FRFRR207_10;3;3;3
FRFRR207_11;3;3;4
FRFRR207_2;3;3;3
FRFRR207_3;3;3;3
FRFRR207_4;3;3;3
FRFRR207_6;3;3;3
FRFRR207_7;5;3;3
FRFRR207_8;4;3;3
FRFRR207_9;3;3;3
FRFRR208_2;2;4;3
FRFRR208_5;2;2;2
FRFRR209_3;4;3;3
FRFRR209_4;3;3;3
FRFRR209_5;3;3;3
FRFRR2_1;3;3;3
FRFRR2_10;3;3;2
FRFRR210A_1;2;3;3
FRFRR2_11;3;3;2
FRFRR21_1;2;2;2
FRFRR211_1;3;3;3
FRFRR211_2;3;3;3
FRFRR211_3;3;3;3
FRFRR211_4;3;3;3
FRFRR2_12;3;3;4
FRFRR2_13;3;3;4
FRFRR213A_5;2;2;2
FRFRR213A_6;2;3;3
FRFRR213A_7;2;3;3
FRFRR213A_8;3;3;3
FRFRR214_2;3;3;3
FRFRR214_3;3;3;3
FRFRR214_4;3;3;3
FRFRR214_5;3;3;3
FRFRR214_6;3;3;3
FRFRR215A_1;3;3;3
FRFRR215A_3;3;3;3
FRFRR215A_4;2;3;3
FRFRR215A_5;2;3;3
FRFRR215B_2;4;3;3
FRFRR215B_4;4;2;2
FRFRR215B_7;3;3;3
FRFRR216_10;3;3;3
FRFRR216_11;3;3;3
FRFRR216_4;3;3;3
FRFRR216_5;3;3;3
FRFRR216_6;3;3;3
FRFRR216_7;3;3;3
FRFRR216_8;3;3;3
FRFRR216_9;3;3;3
FRFRR217_2;3;3;3
FRFRR217_3;4;3;3
FRFRR217_5;3;3;3
FRFRR219A_3;3;3;3
FRFRR219A_4;3;3;3
FRFRR219A_6;3;3;3
FRFRR219A_7;3;3;3
FRFRR219B_1;3;3;3
FRFRR219B_2;2;3;3
FRFRR2_2;3;2;3
FRFRR220_1;4;3;4
FRFRR220_2;2;3;3
FRFRR220_3;3;3;3
FRFRR220_4;3;3;3
FRFRR220_5;3;3;3
FRFRR22_1;5;5;4
FRFRR22_10;3;3;3
FRFRR221_1;3;3;3
FRFRR221_10;2;2;3
FRFRR221_11;3;3;3
FRFRR221_2;4;3;3
FRFRR221_4;3;3;3
FRFRR221_5;4;2;3
FRFRR221_6;2;2;2
FRFRR221_7;2;2;2
FRFRR221_8;2;2;2
FRFRR221_9;3;3;3
FRFRR22_2;3;3;3
FRFRR222_6;3;3;3
FRFRR222_7;3;3;3
FRFRR222_8;3;3;3
FRFRR22_3;3;3;3
FRFRR223_3;3;3;3
FRFRR22_4;3;3;3
FRFRR224_1;3;3;3
FRFRR224_3;5;3;3
FRFRR224_4;3;3;3
FRFRR22_5;3;3;3
FRFRR225_12;2;3;3
FRFRR225_13;2;3;3
FRFRR225_14;3;3;3
FRFRR225_15;3;3;3
FRFRR225_16;3;3;3
FRFRR225_2;2;3;3
FRFRR225_4;2;3;3
FRFRR225_6;2;3;3
FRFRR225_7;2;3;3
FRFRR225_8;2;3;3
FRFRR225_9;2;3;3
FRFRR22_6;3;3;3
FRFRR226A_1;2;2;2
FRFRR226A_2;1;1;2
FRFRR226A_3;2;2;2
FRFRR226A_5;2;2;2
FRFRR226A_6;1;1;2
FRFRR226A_7;2;2;2
FRFRR226B_2;2;2;2
FRFRR226B_4;1;1;3
FRFRR226B_5;2;2;2
FRFRR226B_6;1;1;2
FRFRR226B_7;1;1;2
FRFRR22_7;4;3;3
FRFRR227_16;3;3;5
FRFRR227_17;2;2;2
FRFRR227_18;3;3;3
FRFRR227_2;5;5;5
FRFRR227_3;3;3;3
FRFRR227_4;3;3;3
FRFRR227_5;2;2;2
FRFRR227_6;2;3;3
FRFRR227_7;3;3;5
FRFRR227_8;2;2;2
FRFRR22_8;3;3;3
FRFRR228_1;3;4;4
FRFRR228_10;2;3;3
FRFRR228_11;2;3;3
FRFRR228_12;2;2;2
FRFRR228_13;2;3;3
FRFRR228_14;3;5;5
FRFRR228_2;3;3;3
FRFRR228_5;4;2;4
FRFRR228_6;2;3;3
FRFRR228_7;2;2;4
FRFRR228_8;2;3;3
FRFRR228_9;3;3;3
FRFRR22_9;3;3;3
FRFRR229_1;2;2;2
FRFRR229_2;2;2;2
FRFRR229_3;2;2;2
FRFRR229_4;2;2;2
FRFRR229_5;2;2;2
FRFRR229_6;2;2;2
FRFRR229_8;2;2;2
FRFRR229_9;2;2;2
FRFRR2_3;4;3;2
FRFRR230_1;2;2;2
FRFRR230_2;2;2;2
FRFRR230_3;2;3;3
FRFRR231_1;2;3;3
FRFRR231_2;2;2;2
FRFRR231_3;2;3;3
FRFRR231_4;1;1;2
FRFRR232_1;2;2;2
FRFRR232_2;3;2;2
FRFRR232_3;2;2;2
FRFRR232_4;2;3;3
FRFRR233_2;2;3;3
FRFRR233_3;2;2;2
FRFRR234_1;1;1;2
FRFRR234_2;1;1;2
FRFRR234_3;1;1;2
FRFRR234_4;1;1;2
FRFRR235A_1;3;2;3
FRFRR235A_2;3;3;3
FRFRR235B_2;5;3;3
FRFRR235B_3;3;3;3
FRFRR235B_4;3;2;2
FRFRR235B_7;3;2;3
FRFRR235B_8;3;3;3
FRFRR235B_9;2;2;2
FRFRR236_1;1;1;2
FRFRR236_2;2;2;2
FRFRR236_3;3;2;2
FRFRR236_4;1;1;2
FRFRR236_7;2;2;2
FRFRR238_1;4;3;3
FRFRR238_2;2;3;3
FRFRR238_3;2;3;4
FRFRR238_4;5;2;3
FRFRR239_2;3;3;3
FRFRR239_4;3;3;3
FRFRR23A_1;4;3;3
FRFRR23B_1;4;3;3
FRFRR2_4;3;3;2
FRFRR240_1;4;4;4
FRFRR240_2;3;3;3
FRFRR240_4;3;3;3
FRFRR24_1;4;3;3
FRFRR241_1;2;3;3
FRFRR241_2;4;3;3
FRFRR241_3;2;3;3
FRFRR241_4;3;3;3
FRFRR241_5;2;3;3
FRFRR241_6;2;2;2
FRFRR241_7;2;3;3
FRFRR24_2;3;3;3
FRFRR242_1;4;3;3
FRFRR242_10;3;3;3
FRFRR242_11;3;3;3
FRFRR242_12;2;3;3
FRFRR242_13;2;3;3
FRFRR242_3;3;3;3
FRFRR242_5;3;3;3
FRFRR242_6;3;3;3
FRFRR242_7;3;3;3
FRFRR242_8;3;3;3
FRFRR243_2;3;3;3
FRFRR24_4;2;3;3
FRFRR244_1;2;2;2
FRFRR244_3;2;2;2
FRFRR244_4;2;2;2
FRFRR24_5;2;3;3
FRFRR245_1;2;2;2
FRFRR245_2;2;2;2
FRFRR245_3;1;1;2
FRFRR246_1;1;1;2
FRFRR246_10;2;2;2
FRFRR246_2;1;1;2
FRFRR246_3;2;2;2
FRFRR246_4;2;2;2
FRFRR246_5;2;2;2
FRFRR246_6;2;2;2
FRFRR246_7;1;1;2
FRFRR24_7;4;2;2
FRFRR247A_1;2;3;3
FRFRR247A_2;1;1;2
FRFRR247B_1;2;2;2
FRFRR247B_2;2;2;2
FRFRR24_8;4;3;3
FRFRR248_1;2;2;2
FRFRR248_2;2;2;2
FRFRR248_3;2;2;2
FRFRR248_4;2;2;2
FRFRR248_5;2;2;2
FRFRR248_6;2;2;2
FRFRR248_8;2;2;2
FRFRR249_1;2;2;2
FRFRR249_4;1;1;2
FRFRR250_2;2;2;2
FRFRR250_3;1;1;2
FRFRR250_5;1;1;2
FRFRR250_6;2;2;2
FRFRR250_7;2;3;3
FRFRR250_8;2;2;2
FRFRR250_9;1;1;2
FRFRR251_1;3;2;2
FRFRR251_2;2;3;3
FRFRR251_3;3;1;2
FRFRR251_4;3;3;3
FRFRR251_5;3;3;3
FRFRR251_6;3;3;3
FRFRR251_7;3;3;3
FRFRR252A_1;3;3;3
FRFRR252A_2;3;3;3
FRFRR252A_3;3;3;3
FRFRR252B_1;3;2;2
FRFRR252B_2;3;3;3
FRFRR252B_3;3;3;3
FRFRR253_1;1;1;2
FRFRR253_2;1;1;2
FRFRR254_1;1;1;2
FRFRR254_2;2;2;2
FRFRR254_3;2;2;2
FRFRR254_4;1;1;2
FRFRR254_5;1;1;2
FRFRR255_2;2;2;2
FRFRR255_3;1;1;2
FRFRR255_4;1;1;2
FRFRR255_6;1;1;2
FRFRR255_7;2;2;2
FRFRR255_8;1;1;2
FRFRR256A_1;1;1;2
FRFRR256B_1;2;2;2
FRFRR256B_2;2;2;2
FRFRR256B_3;2;3;3
FRFRR256B_4;2;2;2
FRFRR256B_5;2;2;2
FRFRR256B_6;2;2;2
FRFRR258_2;2;2;2
FRFRR259_1;2;2;2
FRFRR2_6;3;3;2
FRFRR260_1;2;2;2
FRFRR260_2;2;2;2
FRFRR260_4;2;3;3
FRFRR261_1;2;2;2
FRFRR261_2;2;2;2
FRFRR261_3;2;2;2
FRFRR262_2;2;2;2
FRFRR262_3;1;1;2
FRFRR262_4;2;2;2
FRFRR262_5;2;2;2
FRFRR262_6;1;1;2
FRFRR262_8;2;2;2
FRFRR262_9;2;2;2
FRFRR263_1;2;2;2
FRFRR263_2;3;2;2
FRFRR263_3;3;3;3
FRFRR263_4;3;2;2
FRFRR263_5;3;3;3
FRFRR264_2;2;3;3
FRFRR264_3;3;3;2
FRFRR264_4;2;2;2
FRFRR264_5;2;3;3
FRFRR264_6;3;3;3
FRFRR264_7;2;3;3
FRFRR265_1;2;2;2
FRFRR265_2;2;2;2
FRFRR265_3;2;2;2
FRFRR265_4;2;2;2
FRFRR266_1A;2;2;2
FRFRR266_1B;2;3;3
FRFRR266_2A;2;3;3
FRFRR266_2B;2;2;2
FRFRR266_3;3;3;3
FRFRR267_1;2;2;2
FRFRR267_3;4;3;3
FRFRR267_4;3;3;3
FRFRR267_5;3;3;3
FRFRR268_1;2;2;2
FRFRR268_2;2;2;2
FRFRR269_1;1;1;2
FRFRR2_7;3;3;3
FRFRR270_1;2;2;2
FRFRR270_3;2;2;2
FRFRR270_4;2;2;2
FRFRR27_1;4;3;3
FRFRR271A_1;2;3;3
FRFRR271A_2;2;3;3
FRFRR271A_3;2;3;3
FRFRR271A_4;2;3;3
FRFRR271B_1;3;3;3
FRFRR271B_2;2;3;2
FRFRR271B_4;3;3;3
FRFRR271C_1;4;2;2
FRFRR27_2;3;3;2
FRFRR272_1;2;3;3
FRFRR27_3;3;3;3
FRFRR273_3;2;2;2
FRFRR273_5;2;3;3
FRFRR273_6;2;3;2
FRFRR27_4;4;2;2
FRFRR275_1;4;3;3
FRFRR275_2;5;3;3
FRFRR275_3;5;3;3
FRFRR276_1;3;2;2
FRFRR276_2;3;3;3
FRFRR277A_2;3;3;3
FRFRR277A_3;3;3;3
FRFRR277A_7;3;3;3
FRFRR277A_8;2;3;3
FRFRR277A_9;3;3;3
FRFRR277B_1;4;3;3
FRFRR277B_2;3;3;3
FRFRR277B_4;2;3;3
FRFRR277C_1;3;3;2
FRFRR277C_2;4;3;2
FRFRR277C_3;2;2;2
FRFRR277C_4;3;3;2
FRFRR277C_5;2;3;3
FRFRR278_2;2;3;3
FRFRR278_3;3;3;3
FRFRR278_4;2;3;3
FRFRR278_5;5;3;5
FRFRR278_6;3;3;4
FRFRR279_2;2;3;3
FRFRR2_8;3;3;2
FRFRR280_1;2;2;2
FRFRR280_2;2;2;2
FRFRR281_1;3;3;3
FRFRR281_2;3;3;3
FRFRR281_3;3;3;3
FRFRR281_4;1;2;3
FRFRR281_5;3;2;2
FRFRR281_7;2;2;2
FRFRR282_1;2;2;2
FRFRR282_2;2;3;3
FRFRR282_3;2;3;3
FRFRR282_4;2;2;2
FRFRR283_1;2;3;3
FRFRR284_1;2;2;2
FRFRR284_2;1;1;2
FRFRR284_3;2;2;2
FRFRR284_4;2;3;2
FRFRR284_6;1;1;2
FRFRR284_7;2;2;2
FRFRR284_8;2;2;2
FRFRR284_9;2;2;2
FRFRR285_11;2;2;2
FRFRR285_12;2;2;2
FRFRR285_15;1;1;2
FRFRR285_16;1;1;2
FRFRR285_17;1;1;2
FRFRR285_3;3;3;3
FRFRR285_4;3;2;2
FRFRR285_5;3;2;2
FRFRR285_6;2;3;3
FRFRR285_7;3;2;2
FRFRR285_8;2;2;2
FRFRR285_9;2;2;2
FRFRR286_10;2;2;2
FRFRR286_11;2;3;3
FRFRR286_12;2;2;2
FRFRR286_13;2;2;2
FRFRR286_14;2;2;2
FRFRR286_15;2;3;3
FRFRR286_16;2;2;2
FRFRR286_17;1;1;2
FRFRR286_3;1;1;2
FRFRR286_4;2;2;2
FRFRR286_6;2;2;2
FRFRR286_7;2;2;2
FRFRR286_8;2;2;2
FRFRR286_9;1;1;2
FRFRR287_1;2;3;3
FRFRR287_2;2;3;3
FRFRR288A_2;3;3;3
FRFRR288A_7;3;3;3
FRFRR288A_8;2;3;3
FRFRR288A_9;2;3;3
FRFRR288B_10;3;3;3
FRFRR288B_13;4;3;3
FRFRR288B_2;2;3;3
FRFRR288B_3;2;2;2
FRFRR288B_4;2;3;2
FRFRR288B_5;2;2;2
FRFRR288B_6;3;3;3
FRFRR288B_7;3;3;3
FRFRR288B_9;3;3;3
FRFRR288C_2;2;3;3
FRFRR288C_4;2;2;2
FRFRR288C_5;2;3;3
FRFRR289B_1;3;3;3
FRFRR289B_10;3;3;3
FRFRR289B_12;3;2;2
FRFRR289B_2;3;3;3
FRFRR289B_5;3;3;3
FRFRR289B_6;3;2;2
FRFRR289B_7;3;3;3
FRFRR289B_9;3;2;2
FRFRR2_9;3;3;2
FRFRR290A_1;1;1;2
FRFRR290A_2;1;1;2
FRFRR290B_2;4;3;4
FRFRR29_1;3;3;3
FRFRR291_1;2;2;2
FRFRR291_3;2;2;2
FRFRR291_4;2;2;2
FRFRR29_2;2;3;3
FRFRR292_4;2;3;2
FRFRR29_3;2;2;2
FRFRR29_4;2;2;2
FRFRR294_3;2;3;3
FRFRR294_4;2;2;2
FRFRR294_5;2;3;3
FRFRR295A_1;2;3;3
FRFRR295A_3;2;2;2
FRFRR295B_1;2;3;3
FRFRR296A_1;3;3;3
FRFRR296A_2;3;3;3
FRFRR296A_3;3;3;3
FRFRR296A_4;3;2;2
FRFRR296A_5;4;3;3
FRFRR296A_6;3;3;3
FRFRR296A_7;3;3;3
FRFRR296A_8;4;3;3
FRFRR296B_2;4;3;4
FRFRR296B_3;5;3;3
FRFRR296B_4;3;3;3
FRFRR297_2;1;1;2
FRFRR297_3;2;2;2
FRFRR298_1;1;1;2
FRFRR298_2;2;2;2
FRFRR298_3;2;2;2
FRFRR298_4;1;1;2
FRFRR298_5;1;1;2
FRFRR298_6;2;3;3
FRFRR300A_1;5;3;3
FRFRR300A_10;3;3;3
FRFRR300A_11;4;4;4
FRFRR300A_12;3;3;3
FRFRR300A_2;5;3;3
FRFRR300A_3;4;3;3
FRFRR300A_4;3;3;3
FRFRR300A_5;4;3;3
FRFRR300A_6;4;3;3
FRFRR300A_7;5;3;3
FRFRR300A_9;4;3;3
FRFRR300B_1;3;3;3
FRFRR300B_2;3;3;3
FRFRR300C_2;3;3;3
FRFRR300C_3;3;3;3
FRFRR300C_4;3;3;3
FRFRR30_1;2;3;3
FRFRR301A_1;3;3;3
FRFRR301A_2;3;3;3
FRFRR301A_3;3;3;3
FRFRR301A_4;3;3;3
FRFRR301B_1;3;3;3
FRFRR301B_2;3;3;3
FRFRR301B_3;3;3;3
FRFRR301B_4;3;3;4
FRFRR301B_5;3;2;3
FRFRR301B_6;3;3;3
FRFRR302A_1;3;2;2
FRFRR302A_2;3;2;2
FRFRR302A_3;3;2;1
FRFRR302A_4;2;2;2
FRFRR302A_5;2;2;2
FRFRR303A_1;3;2;2
FRFRR303A_2;3;3;3
FRFRR303B_2;2;3;3
FRFRR303B_3;2;3;3
FRFRR304_1;3;3;3
FRFRR304_11;5;3;3
FRFRR304_12;4;3;3
FRFRR304_13;4;3;3
FRFRR304_2;4;3;3
FRFRR304_3;3;3;3
FRFRR304_4;3;3;3
FRFRR304_6;3;3;3
FRFRR304_7;3;3;3
FRFRR305_1;1;1;2
FRFRR305_2;1;1;2
FRFRR306A_1;2;2;2
FRFRR306C_1;1;1;2
FRFRR306C_2;1;1;2
FRFRR307A_1;2;2;2
FRFRR307A_2;2;2;2
FRFRR307A_3;2;2;2
FRFRR310_2;1;1;2
FRFRR310_3;1;1;2
FRFRR310_4;2;2;2
FRFRR31_1;2;3;3
FRFRR311A_1;2;3;3
FRFRR311A_2;2;3;3
FRFRR313_1;3;3;3
FRFRR313_10;2;2;2
FRFRR313_12;3;3;3
FRFRR313_2;3;3;3
FRFRR313_4;2;2;2
FRFRR313_5;3;3;3
FRFRR313_6;2;2;2
FRFRR313_7;3;3;3
FRFRR313_8;3;3;3
FRFRR313_9;1;1;3
FRFRR314A_10;3;3;3
FRFRR314A_2;4;3;3
FRFRR314A_3;3;3;3
FRFRR314A_4;2;3;3
FRFRR314A_5;3;3;3
FRFRR314A_6;3;3;3
FRFRR314A_7;3;3;3
FRFRR314A_8;3;3;3
FRFRR314A_9;3;3;3
FRFRR314B_10;3;3;3
FRFRR314B_12;4;3;3
FRFRR314B_13;2;3;3
FRFRR314B_14;3;3;3
FRFRR314B_15;3;3;3
FRFRR314B_2;3;3;4
FRFRR314B_3;3;3;3
FRFRR314B_5;2;3;3
FRFRR314B_6;4;3;3
FRFRR314B_7;2;3;3
FRFRR314B_8;4;3;3
FRFRR314B_9;3;3;3
FRFRR315A_1;3;3;4
FRFRR315A_2;4;3;3
FRFRR315A_3;3;3;3
FRFRR315A_4;3;3;3
FRFRR315A_5;4;3;3
FRFRR315A_6;3;3;3
FRFRR315B_1;3;3;3
FRFRR315B_10;4;3;3
FRFRR315B_11;5;3;3
FRFRR315B_12;3;3;3
FRFRR315B_13;5;3;3
FRFRR315B_2;3;3;3
FRFRR315B_3;3;3;3
FRFRR315B_4;3;3;3
FRFRR315B_5;3;3;3
FRFRR315B_6;3;3;3
FRFRR315B_7;3;3;3
FRFRR315B_9;3;3;3
FRFRR316_1;4;3;4
FRFRR316_2;1;1;2
FRFRR316_3;2;2;2
FRFRR316_5;1;1;2
FRFRR316_6;1;1;2
FRFRR316_7;1;1;2
FRFRR317_1;2;3;3
FRFRR317_2;4;3;3
FRFRR317_3;2;3;3
FRFRR317_4;2;3;3
FRFRR318A_1;3;3;2
FRFRR318A_3;1;3;3
FRFRR318A_4;3;3;3
FRFRR318A_5;2;2;2
FRFRR318B_2;4;3;3
FRFRR318B_3;1;1;2
FRFRR318B_4;3;2;2
FRFRR318C_1;1;1;2
FRFRR319_1;3;3;3
FRFRR319_2;4;3;2
FRFRR320_2;2;3;3
FRFRR320_3;2;2;2
FRFRR320_4;2;3;3
FRFRR320_5;3;2;2
FRFRR320_6;2;2;2
FRFRR320_7;2;3;3
FRFRR32_1;2;3;3
FRFRR321_1;3;2;2
FRFRR321_10;3;2;2
FRFRR321_11;2;2;2
FRFRR321_12;3;2;2
FRFRR321_2;3;3;3
FRFRR321_4;2;3;3
FRFRR321_5;3;2;2
FRFRR321_6;3;2;2
FRFRR321_7;3;3;2
FRFRR321_8;2;2;2
FRFRR321_9;2;2;2
FRFRR322_1;2;3;3
FRFRR322_2;2;3;3
FRFRR323_2;2;2;2
FRFRR324A_1;3;3;3
FRFRR324A_2;4;3;3
FRFRR324B_1;3;3;3
FRFRR324B_2;3;3;3
FRFRR324B_3;3;3;3
FRFRR326B_1;2;2;2
FRFRR326B_3;2;3;2
FRFRR326B_4;5;4;3
FRFRR326B_5;5;3;2
FRFRR326B_6;5;4;3
FRFRR327A_1;3;2;2
FRFRR327C_1;3;3;3
FRFRR327C_10;3;3;3
FRFRR327C_11;3;3;3
FRFRR327C_13;3;3;3
FRFRR327C_14;2;3;3
FRFRR327C_16;2;3;3
FRFRR327C_18;2;3;3
FRFRR327C_19;2;3;3
FRFRR327C_2;3;3;3
FRFRR327C_20;4;3;3
FRFRR327C_21;4;3;4
FRFRR327C_22;3;3;3
FRFRR327C_3;3;3;3
FRFRR327C_4;3;3;3
FRFRR327C_5;3;3;3
FRFRR327C_6;3;3;3
FRFRR327C_7;3;3;2
FRFRR327C_9;3;3;4
FRFRR328_1;3;3;3
FRFRR328_2;2;2;2
FRFRR328_3;3;3;3
FRFRR328_4;3;3;3
FRFRR328_5;3;3;3
FRFRR328_6;4;3;3
FRFRR328_7;2;2;2
FRFRR330B_2;2;2;3
FRFRR330B_3;3;3;3
FRFRR330B_4;4;3;4
FRFRR330B_6;3;3;3
FRFRR330B_7;3;3;3
FRFRR330B_8;3;3;3
FRFRR33_1;3;2;2
FRFRR331B_1;5;3;3
FRFRR331B_2;4;3;3
FRFRR331B_3;5;3;3
FRFRR33_2;3;2;3
FRFRR332_1;2;2;2
FRFRR332_10;3;3;2
FRFRR332_12;5;3;3
FRFRR332_13;3;3;3
FRFRR332_14;3;3;4
FRFRR332_15;2;3;3
FRFRR332_16;3;3;2
FRFRR332_17;3;3;2
FRFRR332_18;3;3;3
FRFRR332_2;3;4;4
FRFRR332_3;4;3;3
FRFRR332_4;3;4;3
FRFRR332_6;3;3;3
FRFRR332_7;3;3;3
FRFRR332_8;3;3;3
FRFRR332_9;3;3;3
FRFRR33_3;3;3;3
FRFRR333_1;2;3;3
FRFRR333_2;2;3;3
FRFRR333_3;2;3;3
FRFRR33_4;3;3;3
FRFRR334_1;3;3;3
FRFRR33_6;3;3;3
FRFRR33_7;2;3;3
FRFRR338_1;3;3;3
FRFRR338_2;3;3;4
FRFRR339_1;1;1;2
FRFRR339_2;1;1;3
FRFRR341_1;2;3;2
FRFRR341_2;2;3;3
FRFRR341_3;3;3;3
FRFRR341_4;2;3;3
FRFRR341_5;2;3;3
FRFRR341_6;2;2;2
FRFRR341_7;2;2;2
FRFRR341_8;2;3;3
FRFRR342_1;2;2;2
FRFRR342_2;3;2;2
FRFRR342_3;4;3;3
FRFRR342_4;3;2;2
FRFRR343_1;2;2;2
FRFRR343_2;4;2;2
FRFRR344_1;2;2;2
FRFRR344_2;2;2;2
FRFRR344_3;2;2;2
FRFRR345_2;1;1;2
FRFRR345_3;2;2;2
FRFRR345_4;1;1;2
FRFRR346_1;1;1;2
FRFRR347B_1;2;3;3
FRFRR348_2;1;1;2
FRFRR348_3;1;1;2
FRFRR348_4;2;2;2
FRFRR349B_1;2;2;2
FRFRR349B_2;3;2;2
FRFRR349B_3;2;3;3
FRFRR349B_4;2;2;2
FRFRR349C_1;2;2;2
FRFRR349C_2;4;3;3
FRFRR34A_1;3;3;3
FRFRR34B_1;3;3;2
FRFRR34B_2;3;3;2
FRFRR34B_3;4;3;3
FRFRR34B_5;3;3;3
FRFRR34B_6;3;3;3
FRFRR34B_7;3;3;2
FRFRR35_1;3;3;3
FRFRR353_1;3;3;3
FRFRR353_2;2;3;3
FRFRR353_3;2;3;3
FRFRR35_5;3;2;5
FRFRR355_1;2;2;2
FRFRR35_6;2;3;3
FRFRR356_3;1;1;2
FRFRR358_3;2;2;2
FRFRR358_4;2;2;2
FRFRR360_1;5;3;3
FRFRR360_2;3;3;3
FRFRR360_3;3;3;3
FRFRR360_4;3;3;3
FRFRR36_1;4;3;3
FRFRR361A_1;4;3;3
FRFRR361A_2;3;2;2
FRFRR361A_5;3;5;5
FRFRR361A_6;3;3;3
FRFRR361A_7;3;3;3
FRFRR361A_8;3;2;2
FRFRR361B_1;3;3;3
FRFRR36_2;3;2;4
FRFRR36_3;2;3;3
FRFRR363_1;1;1;2
FRFRR363_2;2;2;2
FRFRR36_4;2;3;3
FRFRR36_5;2;2;2
FRFRR36_7;4;3;3
FRFRR367_2;2;3;3
FRFRR36_8;3;3;3
FRFRR368_1;2;2;2
FRFRR368_2;2;2;2
FRFRR36_9;4;3;3
FRFRR369_2;3;3;3
FRFRR369_3;5;4;3
FRFRR369_4;4;3;3
FRFRR371_1;4;2;2
FRFRR372_1;2;3;3
FRFRR373_1;3;3;3
FRFRR373_2;4;3;3
FRFRR373_3;3;3;3
FRFRR373_4;4;3;3
FRFRR374_1;1;1;3
FRFRR375_1;2;3;3
FRFRR376_1;2;3;3
FRFRR377_1;4;3;4
FRFRR377_2;3;3;3
FRFRR377_4;3;3;3
FRFRR379A_1;3;3;3
FRFRR379B_1;4;3;3
FRFRR380_1;2;3;3
FRFRR380_2;3;3;3
FRFRR381_1;3;3;3
FRFRR381_2;3;3;3
FRFRR381_3;3;3;3
FRFRR382_1;3;3;3
FRFRR383_1;3;3;3
FRFRR384_1;4;3;3
FRFRR385_1;3;2;2
FRFRR387_1;5;3;3
FRFRR388_2;2;2;2
FRFRR388_3;3;2;2
FRFRR389_1;3;3;3
FRFRR390_1;3;3;3
FRFRR390_2;2;3;3
FRFRR39_2;2;3;3
FRFRR39_3;2;3;3
FRFRR39_4;2;2;2
FRFRR40_1;2;2;2
FRFRR40_2;3;3;3
FRFRR40_4;3;3;3
FRFRR404_2;2;2;2
FRFRR404_3;2;2;2
FRFRR40_5;3;3;3
FRFRR405_1;1;1;4
FRFRR405_2;2;2;2
FRFRR405_3;2;2;2
FRFRR405_4;1;1;2
FRFRR405_5;2;2;2
FRFRR40_6;2;2;2
FRFRR407_1;2;2;2
FRFRR409_2;2;2;2
FRFRR409_3;2;2;2
FRFRR4_1;3;3;3
FRFRR410_1;2;2;2
FRFRR410_2;2;2;2
FRFRR41_1;4;3;3
FRFRR41_10;4;3;3
FRFRR41_11;3;3;3
FRFRR41_12;4;4;3
FRFRR41_13;2;3;5
FRFRR41_2;3;3;3
FRFRR41_3;2;2;2
FRFRR413_1;3;3;3
FRFRR413_2;3;3;3
FRFRR413_3;2;3;3
FRFRR413_4;3;3;3
FRFRR413_5;3;3;2
FRFRR41_4;3;3;3
FRFRR41_5;2;3;3
FRFRR415_1;3;3;3
FRFRR415_3;3;3;2
FRFRR415_4;3;3;2
FRFRR41_6;2;3;3
FRFRR417_1;3;2;2
FRFRR417_2;2;3;3
FRFRR417_3;2;2;2
FRFRR41_8;2;3;3
FRFRR41_9;3;3;3
FRFRR4_2;4;3;3
FRFRR421_1;5;3;2
FRFRR421_2;4;3;3
FRFRR421_3;2;3;3
FRFRR424_1;2;2;2
FRFRR424_2;2;2;2
FRFRR425_1;2;2;2
FRFRR425_2;2;3;3
FRFRR426_1;3;2;3
FRFRR42A_1;3;2;2
FRFRR42A_2;3;3;3
FRFRR430_3;3;2;2
FRFRR431_1;2;3;3
FRFRR432_1;1;1;2
FRFRR432_2;1;1;2
FRFRR432_3;2;3;3
FRFRR43_3;2;3;3
FRFRR43_4;2;3;3
FRFRR434_1;2;2;2
FRFRR43_5;2;3;3
FRFRR435_1;2;2;2
FRFRR43_6;2;2;2
FRFRR43_7;3;3;3
FRFRR437_1;2;2;2
FRFRR437_2;2;2;2
FRFRR438_1;2;2;2
FRFRR44_1;3;3;3
FRFRR441_1;2;2;2
FRFRR441_2;2;2;2
FRFRR441_3;1;1;2
FRFRR445A_1;3;3;3
FRFRR445B_1;3;2;2
FRFRR446_1;4;2;2
FRFRR448_1;1;1;2
FRFRR449_2;2;2;2
FRFRR450_1;2;2;2
FRFRR45_1;4;2;2
FRFRR45_2;4;3;3
FRFRR45_3;3;3;3
FRFRR453_1;5;3;3
FRFRR455_1A;2;2;2
FRFRR455_1B;2;2;2
FRFRR455_2;2;2;2
FRFRR455_3;4;2;2
FRFRR455_4;2;3;3
FRFRR457_1;1;1;2
FRFRR457_2;1;1;2
FRFRR458_1;2;3;3
FRFRR458_2;3;3;4
FRFRR458_3;2;3;3
FRFRR459_1;3;3;3
FRFRR461_1;2;2;2
FRFRR461_2;2;2;2
FRFRR462_1;2;3;3
FRFRR462_2;2;2;2
FRFRR464_1;3;3;3
FRFRR465_3;3;3;3
FRFRR465_4;3;3;3
FRFRR465_5;3;3;3
FRFRR465_6;4;3;3
FRFRR466_1;4;3;3
FRFRR466_2;4;3;3
FRFRR466_4;4;3;3
FRFRR468_1;4;3;3
FRFRR46A_1;2;3;3
FRFRR46A_2;3;2;2
FRFRR46A_5;2;3;3
FRFRR46B_1;3;3;3
FRFRR46B_2;5;3;3
FRFRR46B_3;3;3;3
FRFRR46C_2;2;3;3
FRFRR46C_3;2;3;3
FRFRR470_1;2;3;3
FRFRR47_1;2;3;3
FRFRR471_1;3;4;5
FRFRR47_2;1;4;4
FRFRR473_1;3;3;3
FRFRR473_2;3;3;3
FRFRR473_3;3;3;4
FRFRR47_4;2;3;3
FRFRR475_1;2;3;3
FRFRR475_2;5;4;4
FRFRR476_1;3;3;3
FRFRR477A_1;3;3;3
FRFRR477B_1;4;3;3
FRFRR477B_2;3;3;3
FRFRR478_1;1;1;2
FRFRR478_2;1;1;2
FRFRR480_1;1;1;2
FRFRR481_1;1;1;2
FRFRR48_2;3;3;2
FRFRR482A_1;2;3;3
FRFRR48_3;3;3;3
FRFRR483_1;3;3;4
FRFRR48_4;3;3;2
FRFRR484_1;2;2;2
FRFRR484_3;2;3;3
FRFRR485_1;2;2;2
FRFRR487_1;3;3;3
FRFRR487_2;3;2;2
FRFRR488_1;3;2;2
FRFRR490_1;1;1;2
FRFRR491_1;2;3;3
FRFRR49_2;2;3;3
FRFRR492_1;2;2;2
FRFRR49_3;2;3;3
FRFRR493_1;3;3;2
FRFRR49_4;2;2;2
FRFRR494_1;4;2;3
FRFRR49_5;2;3;3
FRFRR496A_2;3;2;2
FRFRR496B_1;2;2;2
FRFRR496B_2;2;2;2
FRFRR496B_3;2;3;3
FRFRR496B_4;2;2;2
FRFRR496B_5;2;3;3
FRFRR49_7;2;3;3
FRFRR497_1;1;1;2
FRFRR498A_1;2;2;2
FRFRR499_1;2;2;2
FRFRR500_2;1;1;2
FRFRR500_3;2;3;3
FRFRR500_4;1;1;3
FRFRR500_5;1;1;2
FRFRR50_2;2;3;3
FRFRR502_1;1;1;2
FRFRR503_1;2;3;3
FRFRR503_2;2;3;3
FRFRR504_1;1;1;2
FRFRR505_1;2;3;3
FRFRR506_1;2;2;2
FRFRR506_2;2;2;2
FRFRR506_3;2;2;2
FRFRR507_1;4;3;3
FRFRR507_2;2;3;3
FRFRR510_1;1;1;2
FRFRR510_2;2;3;3
FRFRR51_1;2;3;3
FRFRR511_1;2;3;3
FRFRR51_2;5;3;3
FRFRR512_1;2;3;3
FRFRR512_2;2;3;3
FRFRR51_3;5;3;3
FRFRR513_2;2;2;2
FRFRR51_4;3;3;3
FRFRR516_1;4;3;3
FRFRR518_1;2;2;2
FRFRR519_1;2;2;2
FRFRR519_2;2;2;2
FRFRR5_2;4;3;3
FRFRR52_2;5;3;3
FRFRR522_2;3;3;3
FRFRR52_3;2;3;3
FRFRR523A_1;3;3;3
FRFRR523B_1;4;3;3
FRFRR524_1;2;2;2
FRFRR524_2;2;2;2
FRFRR526_1;2;2;2
FRFRR526_3;2;2;2
FRFRR527_1;2;3;3
FRFRR527_2;2;2;2
FRFRR527_3;2;3;3
FRFRR5_3;4;3;3
FRFRR530_1;1;1;3
FRFRR531_1;3;2;2
FRFRR532_2;2;2;2
FRFRR532_3;2;3;3
FRFRR53_3;2;2;2
FRFRR533_1;2;3;3
FRFRR533_2;3;3;3
FRFRR53_4;2;2;2
FRFRR534_1;3;3;3
FRFRR534_2;3;2;2
FRFRR53_5;2;3;3
FRFRR536_1;2;3;3
FRFRR537_1;3;3;3
FRFRR537_2;2;2;2
FRFRR538_1;2;3;3
FRFRR539_1;3;3;3
FRFRR5_4;3;3;3
FRFRR540_2;3;3;2
FRFRR54_10;2;2;2
FRFRR54_11;2;2;2
FRFRR54_12;2;2;2
FRFRR541_2;3;3;3
FRFRR54_13;2;2;2
FRFRR54_14;2;2;2
FRFRR54_15;2;2;2
FRFRR54_17;3;2;2
FRFRR54_18;2;2;2
FRFRR54_19;3;2;2
FRFRR54_20;2;2;2
FRFRR54_21;3;2;2
FRFRR54_22;4;3;3
FRFRR54_23;5;2;2
FRFRR54_3;2;2;2
FRFRR543_1;3;2;2
FRFRR543_2;3;2;2
FRFRR54_4;4;2;2
FRFRR544_3;3;3;3
FRFRR544_4;3;3;3
FRFRR54_5;2;2;2
FRFRR545_1;2;2;2
FRFRR54_6;3;2;2
FRFRR54_7;3;2;2
FRFRR547_1;2;3;3
FRFRR547_2;2;2;2
FRFRR547_4;2;3;3
FRFRR54_8;2;2;2
FRFRR548_1;3;3;3
FRFRR54_9;3;2;2
FRFRR549_1;2;3;3
FRFRR550_2;4;3;4
FRFRR550_3;2;2;2
FRFRR55_1;3;3;3
FRFRR553_2;2;3;3
FRFRR553_3;2;3;3
FRFRR553_4;2;3;3
FRFRR55_5;3;2;3
FRFRR555_1;3;3;4
FRFRR555_2;3;3;3
FRFRR555_3;3;3;3
FRFRR557A_2;3;3;3
FRFRR558_2;2;3;3
FRFRR558_3;2;3;3
FRFRR558_4;2;3;3
FRFRR563_1;3;3;3
FRFRR563_2;3;3;3
FRFRR563_3;2;3;3
FRFRR57_1;3;2;2
FRFRR57_10;3;3;3
FRFRR57_2;3;3;3
FRFRR572_1;1;1;2
FRFRR572_2;2;2;2
FRFRR57_3;3;3;3
FRFRR573_1;2;2;2
FRFRR573_2;2;2;2
FRFRR57_4;3;3;3
FRFRR574_1;2;2;2
FRFRR57_5;3;3;3
FRFRR57_6;3;3;3
FRFRR576_1;2;2;2
FRFRR577_2;1;1;2
FRFRR578A_1;2;2;2
FRFRR57_9;3;3;3
FRFRR58_1;2;3;3
FRFRR581_2;2;2;2
FRFRR581_3;1;1;2
FRFRR584_2;1;1;2
FRFRR584_3;1;1;2
FRFRR584_4;1;1;2
FRFRR584_5;1;1;2
FRFRR585_2;2;2;2
FRFRR585_5;2;2;2
FRFRR586_1;2;2;2
FRFRR588_2;2;2;2
FRFRR589_1;3;2;2
FRFRR589_2;3;3;3
FRFRR591_1;2;2;2
FRFRR593_1;3;3;3
FRFRR593_2;3;3;3
FRFRR593_3;3;3;3
FRFRR593_4;3;3;3
FRFRR594_3;3;3;3
FRFRR594_4;2;3;3
FRFRR595_1;3;3;3
FRFRR596_4;3;3;3
FRFRR596_5;3;3;3
FRFRR597_2;3;3;3
FRFRR597_3;4;3;3
FRFRR598_1;4;3;3
FRFRR599_2;3;3;3
FRFRR600_2;3;3;3
FRFRR600_3;2;3;3
FRFRR60_2;3;3;3
FRFRR602_2;3;3;3
FRFRR602_3;3;3;2
FRFRR602_4;3;3;3
FRFRR602_5;3;3;3
FRFRR60_3;3;3;3
FRFRR60_4;3;3;3
FRFRR604_1;2;3;3
FRFRR604_2;3;3;3
FRFRR60_5;3;3;3
FRFRR606_1;3;3;3
FRFRR606_2;2;3;3
FRFRR608B_1;3;3;3
FRFRR609_4;4;3;3
FRFRR609_5;3;3;3
FRFRR6_1;2;5;4
FRFRR610_1;3;3;3
FRFRR610_2;3;3;3
FRFRR611_1;3;3;3
FRFRR613_1;2;3;3
FRFRR614_1;2;3;3
FRFRR614_2;2;3;3
FRFRR614_3;3;3;3
FRFRR616_1;3;3;3
FRFRR618_1;3;3;3
FRFRR619_1;3;3;3
FRFRR619_3;3;2;3
FRFRR61A_1;3;3;3
FRFRR61A_10;3;3;3
FRFRR61A_11;3;3;4
FRFRR61A_2;3;3;3
FRFRR61A_3;3;3;3
FRFRR61A_4;3;3;3
FRFRR61A_5;3;3;3
FRFRR61A_7;3;3;3
FRFRR61A_8;3;3;3
FRFRR61A_9;3;3;3
FRFRR61B_1;4;3;3
FRFRR61B_2;3;3;3
FRFRR61B_3;3;3;2
FRFRR61B_4;3;3;3
FRFRR61B_5;3;3;3
FRFRR61B_6;4;3;3
FRFRR61C_1;3;3;3
FRFRR6_2;3;3;3
FRFRR620_1;3;3;3
FRFRR62_1;2;3;3
FRFRR621_1;3;3;3
FRFRR62_2;2;2;2
FRFRR62_3;2;2;2
FRFRR623_2;3;3;3
FRFRR623_3;3;3;3
FRFRR62_4;2;2;2
FRFRR624_1;3;3;3
FRFRR62_5;1;1;2
FRFRR625_1;4;3;3
FRFRR627A_1;3;3;3
FRFRR627A_2;3;3;3
FRFRR628_2;3;3;3
FRFRR629B_1;3;3;3
FRFRR6_3;2;3;3
FRFRR630_2;2;3;3
FRFRR630_5;2;3;3
FRFRR630_6;2;3;3
FRFRR63_1;2;2;2
FRFRR631_1;5;4;3
FRFRR631_3;3;3;3
FRFRR631_4;3;3;3
FRFRR632_1;4;3;3
FRFRR632_2;3;3;3
FRFRR632_3;3;3;3
FRFRR633_3;5;3;3
FRFRR633_4;3;4;4
FRFRR634_1;2;3;3
FRFRR634_2;3;3;2
FRFRR635_1;3;3;3
FRFRR636_1;3;3;4
FRFRR636_2;3;3;3
FRFRR637_3;5;3;3
FRFRR638_1;3;2;2
FRFRR638_2;2;2;2
FRFRR638_3;2;2;2
FRFRR639_1;5;3;3
FRFRR640_1;3;3;3
FRFRR640_2;4;3;3
FRFRR640_3;3;3;3
FRFRR640_4;3;3;3
FRFRR640_5;5;3;3
FRFRR64_1;2;2;2
FRFRR64_2;3;2;2
FRFRR643_2;1;1;2
FRFRR644_1;2;2;2
FRFRR644_2;2;3;3
FRFRR645_2;2;3;3
FRFRR648_1;2;3;3
FRFRR650_1;2;3;3
FRFRR65_1;2;2;2
FRFRR651_1;2;2;2
FRFRR651_2;2;2;2
FRFRR651_3;2;2;2
FRFRR651_4;2;2;2
FRFRR65_2;2;2;2
FRFRR655_1;2;3;3
FRFRR655_2;2;2;2
FRFRR655_3;2;3;3
FRFRR655_4;2;2;2
FRFRR657_1;1;2;1
FRFRR658A_2;1;1;2
FRFRR659_1;3;3;3
FRFRR660_1;2;2;2
FRFRR66_1;2;3;3
FRFRR661_1;2;2;2
FRFRR66_2;2;2;2
FRFRR663_1;3;2;3
FRFRR664_1;2;2;2
FRFRR664_2;2;2;2
FRFRR665_2;1;1;2
FRFRR666_1;2;2;2
FRFRR667_1;3;3;3
FRFRR667_2;4;2;3
FRFRR668_2;3;3;2
FRFRR668_3;4;3;3
FRFRR670_1;2;2;2
FRFRR670_2;2;3;3
FRFRR671_2;2;2;2
FRFRR671_3;2;3;3
FRFRR671_4;2;2;3
FRFRR671_5;2;3;3
FRFRR671_6;2;2;2
FRFRR67_2;2;2;2
FRFRR672_1;2;2;2
FRFRR67_3;2;3;3
FRFRR673_1;2;3;3
FRFRR673_2;2;2;2
FRFRR674_1;2;3;3
FRFRR674_2;2;3;3
FRFRR675_1;3;3;3
FRFRR677_1;3;3;4
FRFRR677_2;3;3;3
FRFRR678_2;2;3;3
FRFRR68_1;2;3;3
FRFRR681_1;2;3;3
FRFRR68_2;2;2;2
FRFRR682_1;3;3;3
FRFRR682_2;3;3;3
FRFRR682_3;3;3;3
FRFRR682_4;3;3;3
FRFRR682_5;4;3;4
FRFRR682_7;4;3;3
FRFRR68_3;4;3;3
FRFRR686_1;3;3;3
FRFRR70_1;2;2;2
FRFRR70_2;3;3;3
FRFRR70_3;2;2;2
FRFRR7_1;3;3;3
FRFRR71A_1;2;2;2
FRFRR71A_2;2;3;3
FRFRR71A_3;1;1;2
FRFRR71B_1;2;3;3
FRFRR72_2;2;2;2
FRFRR72_3;3;2;2
FRFRR72_4;3;3;3
FRFRR73_1;2;3;3
FRFRR74_1;2;3;3
FRFRR74_2;3;2;2
FRFRR76_1;2;2;2
FRFRR76_2;2;3;3
FRFRR77_1;2;2;2
FRFRR777_1;2;3;3
FRFRR777_2;2;3;3
FRFRR78_1;2;3;3
FRFRR79_2;3;3;2
FRFRR79_3;3;3;3
FRFRR80_2;3;2;2
FRFRR80_3;3;3;3
FRFRR81_1;2;3;3
FRFRR81_2;2;3;3
FRFRR81_3;2;2;2
FRFRR81_4;2;3;3
FRFRR81_5;3;3;2
FRFRR81_6;3;3;3
FRFRR81_7;2;3;3
FRFRR82_1;1;1;2
FRFRR82_2;1;1;3
FRFRR829_1;4;2;3
FRFRR830_1;2;3;2
FRFRR83A_1;2;2;2
FRFRR83A_2;2;2;2
FRFRR83B_1;2;3;3
FRFRR83B_2;2;2;2
FRFRR83B_3;2;3;3
FRFRR83B_4;2;2;2
FRFRR83B_5;2;2;2
FRFRR84_1;3;3;3
FRFRR85_1;2;2;2
FRFRR85_2;2;3;3
FRFRR85_4;2;2;2
FRFRR86_1;2;2;2
FRFRR86_2;1;1;2
FRFRR88_1;3;3;2
FRFRR89_1;3;2;2
FRFRR8A_1;5;3;3
FRFRR8A_2;2;3;3
FRFRR90_1;4;2;2
FRFRR90_2;2;3;3
FRFRR903A_1;2;3;3
FRFRR903B_1;2;2;2
FRFRR905A_2;2;2;2
FRFRR905A_3;2;3;3
FRFRR905B_2;2;2;2
FRFRR905C_1;2;2;2
FRFRR907_1;2;2;2
FRFRR911_1;2;3;3
FRFRR91_2;1;1;2
FRFRR91_3;5;2;2
FRFRR91_5;1;1;2
FRFRR9_2;3;3;3
FRFRR924_2;3;2;2
FRFRR924_3;4;3;3
FRFRR92B_1;2;2;2
FRFRR9_3;3;3;3
FRFRR93_1;2;3;3
FRFRR9_4;3;3;3
FRFRR95_1;2;2;2
FRFRR95_2;3;2;2
FRFRR95_3;2;3;3
FRFRR95_4;2;2;2
FRFRR96_1;2;2;2
FRFRR97A_1;3;3;3
FRFRR97A_2;4;3;3
FRFRR98A_1;3;2;2
FRFRR98A_2;2;2;2
FRFRR98B_1;3;2;2
FRFRR98B_2;3;2;2
FRFRT1_1;2;3;3
FRFRT2_1;3;3;3
FRFRT2_2;3;3;4
FRFRT2_3;3;3;3
FRFRT2_4;3;3;3
FRFRT2_5;3;3;3
FRFRT2_6;3;2;4
FRFRT2_7;4;3;3
FRFRT31_1;3;2;2
FRFRT31_2;3;3;3
FRFRT31_3;3;3;3
FRFRT32_10;2;3;3
FRFRT32_12;3;3;3
FRFRT32_13;2;3;3
FRFRT32_14;3;3;3
FRFRT32_16;3;3;3
FRFRT32_17;4;3;3
FRFRT32_2;3;3;3
FRFRT32_3;2;3;3
FRFRT32_6;3;3;3
FRFRT32_7;3;3;3
FRFRT32_8;3;3;3
FRFRT33_1;5;3;4
FRFRT33_10;5;3;3
FRFRT33_11;3;3;4
FRFRT33_12;5;3;3
FRFRT33_13;5;3;3
FRFRT33_14;4;3;3
FRFRT33_15;5;3;3
FRFRT33_16;5;3;3
FRFRT33_2;3;3;3
FRFRT33_3;3;3;3
FRFRT33_4;4;3;3
FRFRT33_5;3;3;3
FRFRT33_7;4;3;3
FRFRT33_8;3;3;4
FRFRT33_9;3;2;2
FRFRT34_2;4;3;3
FRFRT34_3;5;3;3
FRFRT34_4;5;3;3
FRFRT35_1;5;3;3
FRFRT35_2;4;3;3
FRFRT35_3;5;3;3
FRFRT35_4;4;3;3
FRFRT35_5;3;3;3
FRFRT35_6;3;2;3
FRFRT35_7;4;3;3
FRFRT4_1;4;3;3
FRFRT4_2;4;3;3
FRFRT4_3;4;3;3
FRFRT4_4;5;3;3
FRFRT4_5;2;3;3
FRFRT5_1;3;3;3
FRFRT6_1;2;2;2
FRFRT6_2;2;3;3
FRFRT6_3;2;3;3
FRFRT6_5;2;3;3
FRFRT6_6;2;3;3
FRFRT6_7;2;3;3
FRFRT6_8;2;2;2
FRFRT6_9;4;3;2
FRFRT7_1;2;3;3
FRFRT7_2;5;3;3
